feature,mean_abs_shap
cases,45.981728
cases_lag_1,23.704702
cases_lag_2,5.905868
cases_lag_4,4.6933217
rainfall_total_lag_4,4.4905167
humidity_mean_lag_8,3.8798206
week_cos,2.7880063
rainfall_total_lag_2,2.1547818
temperature_mean,1.385726
district_Colombo,1.3277303
temperature_mean_lag_1,1.3235958
rainfall_total,1.16144
humidity_mean_lag_1,1.1585369
temperature_mean_lag_8,0.84096324
humidity_mean_lag_4,0.83783746
rainfall_total_lag_8,0.80989754
rainfall_total_lag_1,0.72415423
week_sin,0.7228434
humidity_mean,0.7209547
temperature_mean_lag_4,0.62733793
humidity_mean_lag_2,0.41714853
district_Kalutara,0.34381738
temperature_mean_lag_2,0.24873942
district_Gampaha,0.19027182
district_Jaffna,0.08748533
district_Kandy,0.016871417
