district,model,MAE,RMSE,R2
Colombo,Naive Persistence,44.73376623376623,61.84516695203171,0.6109235645896931
Colombo,XGBoost - Dengue History,41.203961508614675,56.72226594082704,0.6727116555320976
Colombo,XGBoost - Dengue + Climate,43.25360483937449,61.41366295538064,0.6163339257795973
Gampaha,Naive Persistence,29.42207792207792,42.53165360577412,0.6230453314333557
Gampaha,XGBoost - Dengue History,31.309591689667144,44.41329437644693,0.5889538670389065
Gampaha,XGBoost - Dengue + Climate,30.412942638644925,44.243392020741084,0.5920927526249302
Jaffna,Naive Persistence,21.525974025974026,47.90853027099947,0.8910325065870165
Jaffna,XGBoost - Dengue History,21.581249862522274,46.23707386205947,0.8985032937979899
Jaffna,XGBoost - Dengue + Climate,17.77074879794926,34.7048270859201,0.9428190936354773
Kalutara,Naive Persistence,28.62987012987013,80.38967595406764,-0.45504077963667733
Kalutara,XGBoost - Dengue History,27.722208778579514,73.34006260240368,-0.21103630215036562
Kalutara,XGBoost - Dengue + Climate,28.630031040736608,74.72261699768339,-0.2571258493209676
Kandy,Naive Persistence,25.396103896103895,44.467484107571714,0.6902750961354159
Kandy,XGBoost - Dengue History,24.891081227884666,46.312867790465894,0.6640347507025931
Kandy,XGBoost - Dengue + Climate,24.38330194547579,45.737408023345886,0.6723319413574541
